,Gene_Pair,Min_Score,TCGA_Samples
5327,interaction_CTCF_EEF2,-3.269,['TCGA-DF-A2KU-01']
36500,interaction_EEF2_TRRAP,-3.2041000000000004,['TCGA-DF-A2KU-01']
9001,interaction_XPO1_EEF2,-3.2020999999999997,['TCGA-A5-A2K5-01']
36410,interaction_EEF2_CDAN1,-3.17,['TCGA-DF-A2KU-01']
36497,interaction_EEF2_POLE,-3.1538000000000004,['TCGA-DF-A2KU-01']
27706,interaction_CLTC_EEF2,-3.1466000000000003,['TCGA-DF-A2KU-01']
36419,interaction_EEF2_DNM2,-3.1078,['TCGA-DF-A2KU-01']
36469,interaction_EEF2_CNOT3,-3.1052,['TCGA-DF-A2KU-01']
36499,interaction_EEF2_ATP1A1,-3.1036,['TCGA-DF-A2KU-01']
36429,interaction_EEF2_MTOR,-3.0992,['TCGA-DF-A2KU-01']
36402,interaction_EEF2_SCAP,-3.0788,['TCGA-DF-A2KU-01']
36536,interaction_EEF2_RAD21,-3.0544000000000002,['TCGA-06-5416-01']
36544,interaction_EEF2_WNK1,-3.0433000000000003,['TCGA-DF-A2KU-01']
36538,interaction_EEF2_CHD4,-3.0318,['TCGA-DF-A2KU-01']
8011,interaction_POLD1_EEF2,-3.0250000000000004,['TCGA-DF-A2KU-01']
36601,interaction_EEF2_LRPPRC,-3.0183999999999997,['TCGA-DF-A2KU-01']
36436,interaction_EEF2_PCF11,-2.9845,['TCGA-DF-A2KU-01']
36531,interaction_EEF2_MED1,-2.9785000000000004,['TCGA-DF-A2KU-01']
36581,interaction_EEF2_WDR7,-2.9742,['TCGA-DF-A2KU-01']
21050,interaction_IARS2_EEF2,-2.9707,['TCGA-A5-A2K5-01']
6677,interaction_VPS41_EEF2,-2.9451,['TCGA-DF-A2KU-01']
36455,interaction_EEF2_BRD4,-2.9432,['TCGA-DF-A2KU-01']
36503,interaction_EEF2_SF3B1,-2.9328000000000003,['TCGA-06-5416-01']
18702,interaction_NCAPD3_EEF2,-2.9146,['TCGA-DF-A2KU-01']
36594,interaction_EEF2_IPO9,-2.9074,['TCGA-DF-A2KU-01']
36606,interaction_EEF2_HIRA,-2.8767,['TCGA-DF-A2KU-01']
5442,interaction_CTCF_TRRAP,-2.8535000000000004,['TCGA-DF-A2KU-01']
36504,interaction_EEF2_PPP2R1A,-2.8529,['TCGA-06-5416-01']
13187,interaction_ERCC2_EEF2,-2.8528000000000002,['TCGA-DF-A2KU-01']
5229,interaction_CTCF_XPO1,-2.8453,['TCGA-A5-A2K5-01']
36569,interaction_EEF2_NCAPG2,-2.8346999999999998,['TCGA-DF-A2KU-01']
10631,interaction_RBBP6_EEF2,-2.8319,['TCGA-DF-A2KU-01']
5352,interaction_CTCF_CDAN1,-2.8194,['TCGA-DF-A2KU-01']
32815,interaction_KIF18A_EEF2,-2.8103,['TCGA-06-5416-01']
5439,interaction_CTCF_POLE,-2.8032000000000004,['TCGA-DF-A2KU-01']
36525,interaction_EEF2_TRPM7,-2.7995,['TCGA-DF-A2KU-01']
36537,interaction_EEF2_RTTN,-2.7961,['TCGA-DF-A2KU-01']
5292,interaction_CTCF_CLTC,-2.7960000000000003,['TCGA-DF-A2KU-01']
36518,interaction_EEF2_PTPN23,-2.7805,['TCGA-2W-A8YY-01']
36568,interaction_EEF2_AARS2,-2.7763,['TCGA-B5-A3FC-01']
20469,interaction_TPR_EEF2,-2.7762000000000002,['TCGA-DF-A2KU-01']
19590,interaction_ATR_EEF2,-2.7749,['TCGA-DF-A2KU-01']
36519,interaction_EEF2_UBR4,-2.7745,['TCGA-DF-A2KU-01']
36443,interaction_EEF2_PIK3C3,-2.77,['TCGA-DF-A2KU-01']
5361,interaction_CTCF_DNM2,-2.7572,['TCGA-DF-A2KU-01']
5411,interaction_CTCF_CNOT3,-2.7546,['TCGA-DF-A2KU-01']
41946,interaction_CDAN1_TRRAP,-2.7545,['TCGA-DF-A2KU-01']
5441,interaction_CTCF_ATP1A1,-2.753,['TCGA-DF-A2KU-01']
36412,interaction_EEF2_NUP214,-2.7496,['TCGA-DF-A2KU-01']
5371,interaction_CTCF_MTOR,-2.7486,['TCGA-DF-A2KU-01']
21625,interaction_ZNF217_EEF2,-2.7430000000000003,['TCGA-DF-A2KU-01']
56036,interaction_POLE_TRRAP,-2.7383,['TCGA-DF-A2KU-01']
27821,interaction_CLTC_TRRAP,-2.7311,['TCGA-DF-A2KU-01']
5344,interaction_CTCF_SCAP,-2.7282,['TCGA-DF-A2KU-01']
35922,interaction_CNOT1_EEF2,-2.7234,['TCGA-DF-A2KU-01']
5478,interaction_CTCF_RAD21,-2.7203,['TCGA-B5-A3FC-01']
36526,interaction_EEF2_DDX27,-2.7112,['TCGA-2W-A8YY-01']
36534,interaction_EEF2_PFAS,-2.7098,['TCGA-DF-A2KU-01']
41943,interaction_CDAN1_POLE,-2.7042,['TCGA-DF-A2KU-01']
36458,interaction_EEF2_MBTPS1,-2.7031,['TCGA-DF-A2KU-01']
36595,interaction_EEF2_NUP98,-2.6975000000000002,['TCGA-DF-A2KU-01']
27731,interaction_CLTC_CDAN1,-2.697,['TCGA-DF-A2KU-01']
9026,interaction_XPO1_CDAN1,-2.6963999999999997,['TCGA-A5-A2K5-01']
9116,interaction_XPO1_TRRAP,-2.6957,['TCGA-AJ-A3EL-01']
32322,interaction_SETDB1_EEF2,-2.6942,['TCGA-DF-A2KU-01']
5486,interaction_CTCF_WNK1,-2.6927000000000003,['TCGA-DF-A2KU-01']
43754,interaction_DNM2_TRRAP,-2.6923000000000004,['TCGA-DF-A2KU-01']
8966,interaction_XPO1_CLTC,-2.6901,['TCGA-A5-A2K5-01']
52326,interaction_CNOT3_TRRAP,-2.6897,['TCGA-DF-A2KU-01']
56271,interaction_ATP1A1_TRRAP,-2.6881000000000004,['TCGA-DF-A2KU-01']
7679,interaction_DICER1_EEF2,-2.6868,['TCGA-DF-A2KU-01']
41982,interaction_CDAN1_RAD21,-2.6862000000000004,['TCGA-B5-A3FC-01']
36391,interaction_EEF2_CCAR1,-2.6849,['TCGA-DF-A2KU-01']
9113,interaction_XPO1_POLE,-2.6845999999999997,['TCGA-A5-A2K5-01']
45668,interaction_MTOR_TRRAP,-2.6837,['TCGA-DF-A2KU-01']
5480,interaction_CTCF_CHD4,-2.6812,['TCGA-DF-A2KU-01']
27818,interaction_CLTC_POLE,-2.6808,['TCGA-DF-A2KU-01']
19295,interaction_POT1_EEF2,-2.6791,['TCGA-DF-A2KU-01']
36585,interaction_EEF2_BRCA2,-2.678,['TCGA-DF-A2KU-01']
5226,interaction_CTCF_POLD1,-2.6744000000000003,['TCGA-DF-A2KU-01']
36575,interaction_EEF2_CAD,-2.6712000000000002,['TCGA-DF-A2KU-01']
5543,interaction_CTCF_LRPPRC,-2.6677999999999997,['TCGA-DF-A2KU-01']
9152,interaction_XPO1_RAD21,-2.6643,['TCGA-AJ-A3EL-01']
40271,interaction_SCAP_TRRAP,-2.6633,['TCGA-DF-A2KU-01']
40181,interaction_SCAP_CDAN1,-2.6607000000000003,['TCGA-B5-A3FC-01']
31825,interaction_GCN1L1_EEF2,-2.6597,['TCGA-DF-A2KU-01']
41865,interaction_CDAN1_DNM2,-2.6582,['TCGA-DF-A2KU-01']
36439,interaction_EEF2_TELO2,-2.6574,['TCGA-A5-A2K5-01']
41915,interaction_CDAN1_CNOT3,-2.6556,['TCGA-DF-A2KU-01']
36405,interaction_EEF2_ZNF407,-2.6550000000000002,['TCGA-DF-A2KU-01']
41945,interaction_CDAN1_ATP1A1,-2.654,['TCGA-DF-A2KU-01']
41875,interaction_CDAN1_MTOR,-2.6496000000000004,['TCGA-DF-A2KU-01']
36468,interaction_EEF2_POLRMT,-2.6496,['TCGA-B5-A3FC-01']
36403,interaction_EEF2_USP7,-2.6458000000000004,['TCGA-06-5416-01']
43751,interaction_DNM2_POLE,-2.6420000000000003,['TCGA-DF-A2KU-01']
52323,interaction_CNOT3_POLE,-2.6394,['TCGA-DF-A2KU-01']
56035,interaction_POLE_ATP1A1,-2.6378000000000004,['TCGA-DF-A2KU-01']
27740,interaction_CLTC_DNM2,-2.6348000000000003,['TCGA-DF-A2KU-01']
36602,interaction_EEF2_SMC6,-2.6345,['TCGA-DF-A2KU-01']
5378,interaction_CTCF_PCF11,-2.6339,['TCGA-DF-A2KU-01']
45665,interaction_MTOR_POLE,-2.6334,['TCGA-DF-A2KU-01']
27790,interaction_CLTC_CNOT3,-2.6322,['TCGA-DF-A2KU-01']
36423,interaction_EEF2_STIL,-2.6318,['TCGA-DF-A2KU-01']
27820,interaction_CLTC_ATP1A1,-2.6306000000000003,['TCGA-DF-A2KU-01']
36461,interaction_EEF2_EP300,-2.6293,['TCGA-DF-A2KU-01']
5473,interaction_CTCF_MED1,-2.6279000000000003,['TCGA-DF-A2KU-01']
56431,interaction_TRRAP_WNK1,-2.6278,['TCGA-DF-A2KU-01']
5268,interaction_CTCF_IARS2,-2.6272,['TCGA-B5-A3FC-01']
22198,interaction_OGDH_EEF2,-2.6266,['TCGA-B5-A3FC-01']
56423,interaction_TRRAP_RAD21,-2.6263,['TCGA-B5-A3FC-01']
27750,interaction_CLTC_MTOR,-2.6262,['TCGA-DF-A2KU-01']
8942,interaction_XPO1_IARS2,-2.6248,['TCGA-A5-A2K5-01']
5523,interaction_CTCF_WDR7,-2.6236,['TCGA-DF-A2KU-01']
9085,interaction_XPO1_CNOT3,-2.6235999999999997,['TCGA-EO-A3B0-01']
9045,interaction_XPO1_MTOR,-2.621,['TCGA-EO-A3B0-01']
56425,interaction_TRRAP_CHD4,-2.6163,['TCGA-DF-A2KU-01']
16899,interaction_MCM6_EEF2,-2.6158,['TCGA-EO-A3B0-01']
36442,interaction_EEF2_SMARCA4,-2.6157,['TCGA-DF-A2KU-01']
12554,interaction_UBR5_EEF2,-2.6144,['TCGA-DF-A2KU-01']
40268,interaction_SCAP_POLE,-2.613,['TCGA-DF-A2KU-01']
36587,interaction_EEF2_POLG,-2.6099,['TCGA-EO-A22U-01']
8126,interaction_POLD1_TRRAP,-2.6095,['TCGA-DF-A2KU-01']
36387,interaction_EEF2_NIPBL,-2.6086,['TCGA-DF-A2KU-01']
27723,interaction_CLTC_SCAP,-2.6058,['TCGA-DF-A2KU-01']
56488,interaction_TRRAP_LRPPRC,-2.6029,['TCGA-DF-A2KU-01']
22766,interaction_USP8_EEF2,-2.6026,['TCGA-2W-A8YY-01']
36589,interaction_EEF2_ZMYND8,-2.6025,['TCGA-DF-A2KU-01']
36428,interaction_EEF2_KDM2A,-2.5993,['TCGA-DF-A2KU-01']
36394,interaction_EEF2_XRN1,-2.5952,['TCGA-DF-A2KU-01']
5222,interaction_CTCF_VPS41,-2.5945,['TCGA-DF-A2KU-01']
9115,interaction_XPO1_ATP1A1,-2.594,['TCGA-EO-A3B0-01']
41990,interaction_CDAN1_WNK1,-2.5937,['TCGA-DF-A2KU-01']
43723,interaction_DNM2_CNOT3,-2.5934,['TCGA-DF-A2KU-01']
21075,interaction_IARS2_CDAN1,-2.5930999999999997,['TCGA-B5-A3FC-01']
5397,interaction_CTCF_BRD4,-2.5926,['TCGA-DF-A2KU-01']
43753,interaction_DNM2_ATP1A1,-2.5918,['TCGA-DF-A2KU-01']
52325,interaction_CNOT3_ATP1A1,-2.5892,['TCGA-DF-A2KU-01']
43683,interaction_DNM2_MTOR,-2.5874,['TCGA-DF-A2KU-01']
40307,interaction_SCAP_RAD21,-2.5857,['TCGA-B5-A3FC-01']
45637,interaction_MTOR_CNOT3,-2.5848000000000004,['TCGA-DF-A2KU-01']
45667,interaction_MTOR_ATP1A1,-2.5832,['TCGA-DF-A2KU-01']
41984,interaction_CDAN1_CHD4,-2.5822000000000003,['TCGA-DF-A2KU-01']
36425,interaction_EEF2_BRCA1,-2.579,['TCGA-DF-A2KU-01']
56080,interaction_POLE_WNK1,-2.5775,['TCGA-DF-A2KU-01']
8036,interaction_POLD1_CDAN1,-2.5754,['TCGA-DF-A2KU-01']
17202,interaction_CASC5_EEF2,-2.5744,['TCGA-DF-A2KU-01']
36433,interaction_EEF2_BARD1,-2.5704000000000002,['TCGA-2W-A8YY-01']
27865,interaction_CLTC_WNK1,-2.5703,['TCGA-DF-A2KU-01']
46948,interaction_PCF11_TRRAP,-2.569,['TCGA-DF-A2KU-01']
42047,interaction_CDAN1_LRPPRC,-2.5688,['TCGA-DF-A2KU-01']
40190,interaction_SCAP_DNM2,-2.567,['TCGA-DF-A2KU-01']
56074,interaction_POLE_CHD4,-2.566,['TCGA-DF-A2KU-01']
40240,interaction_SCAP_CNOT3,-2.5644,['TCGA-DF-A2KU-01']
5260,interaction_CTCF_NCAPD3,-2.564,['TCGA-DF-A2KU-01']
56418,interaction_TRRAP_MED1,-2.563,['TCGA-DF-A2KU-01']
40270,interaction_SCAP_ATP1A1,-2.5628,['TCGA-DF-A2KU-01']
8123,interaction_POLD1_POLE,-2.5592,['TCGA-DF-A2KU-01']
27859,interaction_CLTC_CHD4,-2.5587999999999997,['TCGA-DF-A2KU-01']
56468,interaction_TRRAP_WDR7,-2.5587,['TCGA-DF-A2KU-01']
40200,interaction_SCAP_MTOR,-2.5584,['TCGA-DF-A2KU-01']
9052,interaction_XPO1_PCF11,-2.5579,['TCGA-06-5416-01']
9119,interaction_XPO1_SF3B1,-2.5575,['TCGA-A5-A2K5-01']
5536,interaction_CTCF_IPO9,-2.5568,['TCGA-DF-A2KU-01']
56072,interaction_POLE_RAD21,-2.5545,['TCGA-06-5416-01']
56137,interaction_POLE_LRPPRC,-2.5526,['TCGA-DF-A2KU-01']
7976,interaction_POLD1_CLTC,-2.552,['TCGA-DF-A2KU-01']
5445,interaction_CTCF_SF3B1,-2.5465999999999998,['TCGA-A5-A2K5-01']
13816,interaction_NBAS_EEF2,-2.5460000000000003,['TCGA-DF-A2KU-01']
9154,interaction_XPO1_CHD4,-2.5458999999999996,['TCGA-A5-A2K5-01']
27922,interaction_CLTC_LRPPRC,-2.5454,['TCGA-DF-A2KU-01']
36449,interaction_EEF2_GAK,-2.5448,['TCGA-DF-A2KU-01']
30565,interaction_SLC4A7_EEF2,-2.543,['TCGA-DF-A2KU-01']
52362,interaction_CNOT3_RAD21,-2.5396,['TCGA-2W-A8YY-01']
43790,interaction_DNM2_RAD21,-2.5375,['TCGA-B5-A3FC-01']
46984,interaction_PCF11_RAD21,-2.5351999999999997,['TCGA-06-5416-01']
41882,interaction_CDAN1_PCF11,-2.5349000000000004,['TCGA-DF-A2KU-01']
9217,interaction_XPO1_LRPPRC,-2.534,['TCGA-A5-A2K5-01']
21165,interaction_IARS2_TRRAP,-2.5332,['TCGA-B5-A3FC-01']
36549,interaction_EEF2_NUMA1,-2.5318,['TCGA-DF-A2KU-01']
43798,interaction_DNM2_WNK1,-2.5315000000000003,['TCGA-DF-A2KU-01']
36398,interaction_EEF2_ACTB,-2.531,['TCGA-2W-A8YY-01']
6792,interaction_VPS41_TRRAP,-2.5296000000000003,['TCGA-DF-A2KU-01']
41977,interaction_CDAN1_MED1,-2.5289,['TCGA-DF-A2KU-01']
52370,interaction_CNOT3_WNK1,-2.5289,['TCGA-DF-A2KU-01']
50177,interaction_BRD4_TRRAP,-2.5277000000000003,['TCGA-DF-A2KU-01']
56315,interaction_ATP1A1_WNK1,-2.5273000000000003,['TCGA-DF-A2KU-01']
9197,interaction_XPO1_WDR7,-2.5263999999999998,['TCGA-A5-A2K5-01']
5548,interaction_CTCF_HIRA,-2.5261,['TCGA-DF-A2KU-01']
9160,interaction_XPO1_WNK1,-2.5252,['TCGA-EO-A3B0-01']
42027,interaction_CDAN1_WDR7,-2.5246000000000004,['TCGA-DF-A2KU-01']
27857,interaction_CLTC_RAD21,-2.5244,['TCGA-06-5416-01']
45712,interaction_MTOR_WNK1,-2.5229,['TCGA-DF-A2KU-01']
56307,interaction_ATP1A1_RAD21,-2.5202999999999998,['TCGA-B5-A3FC-01']
36572,interaction_EEF2_VHL,-2.5202,['TCGA-VQ-A8P2-01']
43792,interaction_DNM2_CHD4,-2.52,['TCGA-DF-A2KU-01']
46945,interaction_PCF11_POLE,-2.5187,['TCGA-DF-A2KU-01']
9018,interaction_XPO1_SCAP,-2.5185,['TCGA-IB-7651-01']
21201,interaction_IARS2_RAD21,-2.5181,['TCGA-B5-A3FC-01']
52364,interaction_CNOT3_CHD4,-2.5174000000000003,['TCGA-DF-A2KU-01']
23049,interaction_PALB2_EEF2,-2.5172,['TCGA-DF-A2KU-01']
56309,interaction_ATP1A1_CHD4,-2.5158,['TCGA-DF-A2KU-01']
27757,interaction_CLTC_PCF11,-2.5138,['TCGA-XK-AAIW-01']
8045,interaction_POLD1_DNM2,-2.5132000000000003,['TCGA-DF-A2KU-01']
36566,interaction_EEF2_PDE4DIP,-2.5132000000000003,['TCGA-DF-A2KU-01']
56067,interaction_POLE_MED1,-2.5127,['TCGA-DF-A2KU-01']
45706,interaction_MTOR_CHD4,-2.5114,['TCGA-DF-A2KU-01']
29539,interaction_RICTOR_EEF2,-2.5107,['TCGA-DF-A2KU-01']
8095,interaction_POLD1_CNOT3,-2.5106,['TCGA-DF-A2KU-01']
56765,interaction_SF3B1_RAD21,-2.5092,['TCGA-06-5416-01']
8125,interaction_POLD1_ATP1A1,-2.5090000000000003,['TCGA-DF-A2KU-01']
56117,interaction_POLE_WDR7,-2.5084,['TCGA-DF-A2KU-01']
9035,interaction_XPO1_DNM2,-2.5067000000000004,['TCGA-B5-A3FA-01']
43855,interaction_DNM2_LRPPRC,-2.5065999999999997,['TCGA-DF-A2KU-01']
27852,interaction_CLTC_MED1,-2.5055,['TCGA-DF-A2KU-01']
8055,interaction_POLD1_MTOR,-2.5046,['TCGA-DF-A2KU-01']
52427,interaction_CNOT3_LRPPRC,-2.504,['TCGA-DF-A2KU-01']
40315,interaction_SCAP_WNK1,-2.5025,['TCGA-DF-A2KU-01']
56372,interaction_ATP1A1_LRPPRC,-2.5023999999999997,['TCGA-DF-A2KU-01']
5242,interaction_CTCF_ERCC2,-2.5022,['TCGA-DF-A2KU-01']
27902,interaction_CLTC_WDR7,-2.5012,['TCGA-DF-A2KU-01']
36512,interaction_EEF2_SETD2,-2.5,['TCGA-DF-A2KU-01']
18817,interaction_NCAPD3_TRRAP,-2.4991000000000003,['TCGA-DF-A2KU-01']
46951,interaction_PCF11_SF3B1,-2.4985999999999997,['TCGA-AC-A2B8-01']
45769,interaction_MTOR_LRPPRC,-2.498,['TCGA-DF-A2KU-01']
6702,interaction_VPS41_CDAN1,-2.4955,['TCGA-DF-A2KU-01']
45704,interaction_MTOR_RAD21,-2.4947999999999997,['TCGA-06-5416-01']
41901,interaction_CDAN1_BRD4,-2.4936,['TCGA-DF-A2KU-01']
21067,interaction_IARS2_SCAP,-2.4926,['TCGA-B5-A3FC-01']
56481,interaction_TRRAP_IPO9,-2.4919000000000002,['TCGA-DF-A2KU-01']
40309,interaction_SCAP_CHD4,-2.4909999999999997,['TCGA-DF-A2KU-01']
36434,interaction_EEF2_PTK2,-2.49,['TCGA-06-5416-01']
4304,interaction_BRIP1_EEF2,-2.4874,['TCGA-DF-A2KU-01']
35455,interaction_BRD2_EEF2,-2.4852,['TCGA-DF-A2KU-01']
8028,interaction_POLD1_SCAP,-2.4842,['TCGA-DF-A2KU-01']
5511,interaction_CTCF_NCAPG2,-2.4840999999999998,['TCGA-DF-A2KU-01']
5234,interaction_CTCF_RBBP6,-2.4813,['TCGA-DF-A2KU-01']
36550,interaction_EEF2_SMG7,-2.4809,['TCGA-2W-A8YY-01']
8934,interaction_XPO1_NCAPD3,-2.4801,['TCGA-A5-A2K5-01']
6789,interaction_VPS41_POLE,-2.4793000000000003,['TCGA-DF-A2KU-01']
59994,interaction_RAD21_LRPPRC,-2.4788,['TCGA-B5-A3FC-01']
40372,interaction_SCAP_LRPPRC,-2.4776,['TCGA-DF-A2KU-01']
50174,interaction_BRD4_POLE,-2.4774000000000003,['TCGA-DF-A2KU-01']
6579,interaction_VPS41_XPO1,-2.473,['TCGA-A5-A2K5-01']
43690,interaction_DNM2_PCF11,-2.4727,['TCGA-DF-A2KU-01']
6642,interaction_VPS41_CLTC,-2.4721,['TCGA-DF-A2KU-01']
27776,interaction_CLTC_BRD4,-2.4702,['TCGA-DF-A2KU-01']
46917,interaction_PCF11_CNOT3,-2.4701000000000004,['TCGA-DF-A2KU-01']
46947,interaction_PCF11_ATP1A1,-2.4685,['TCGA-DF-A2KU-01']
41949,interaction_CDAN1_SF3B1,-2.4683,['TCGA-B5-A3FC-01']
36565,interaction_EEF2_APC,-2.4675000000000002,['TCGA-DF-A2KU-01']
43785,interaction_DNM2_MED1,-2.4667000000000003,['TCGA-DF-A2KU-01']
18727,interaction_NCAPD3_CDAN1,-2.465,['TCGA-DF-A2KU-01']
45604,interaction_MTOR_PCF11,-2.4641,['TCGA-DF-A2KU-01']
52357,interaction_CNOT3_MED1,-2.4641,['TCGA-DF-A2KU-01']
59937,interaction_RAD21_WNK1,-2.4640000000000004,['TCGA-B5-A3FC-01']
56302,interaction_ATP1A1_MED1,-2.4625000000000004,['TCGA-DF-A2KU-01']
43835,interaction_DNM2_WDR7,-2.4624,['TCGA-DF-A2KU-01']
36511,interaction_EEF2_DROSHA,-2.4618,['TCGA-DF-A2KU-01']
56493,interaction_TRRAP_HIRA,-2.4612,['TCGA-DF-A2KU-01']
52407,interaction_CNOT3_WDR7,-2.4598000000000004,['TCGA-DF-A2KU-01']
36471,interaction_EEF2_RANBP2,-2.4598,['TCGA-DF-A2KU-01']
21015,interaction_IARS2_CLTC,-2.4587000000000003,['TCGA-A5-A2K5-01']
56352,interaction_ATP1A1_WDR7,-2.4582,['TCGA-DF-A2KU-01']
45699,interaction_MTOR_MED1,-2.4581,['TCGA-DF-A2KU-01']
42040,interaction_CDAN1_IPO9,-2.4577999999999998,['TCGA-DF-A2KU-01']
36529,interaction_EEF2_ADNP,-2.4577,['TCGA-DF-A2KU-01']
36489,interaction_EEF2_MYB,-2.4569,['TCGA-B5-A3FC-01']
36472,interaction_EEF2_PDS5A,-2.4559,['TCGA-DF-A2KU-01']
31072,interaction_CAND1_EEF2,-2.4557,['TCGA-DF-A2KU-01']
60094,interaction_CHD4_WNK1,-2.4555,['TCGA-DF-A2KU-01']
36456,interaction_EEF2_TCOF1,-2.4543,['TCGA-2W-A8YY-01']
45749,interaction_MTOR_WDR7,-2.4538,['TCGA-DF-A2KU-01']
21162,interaction_IARS2_POLE,-2.4532,['TCGA-A5-A2K5-01']
26095,interaction_ARID2_EEF2,-2.4530000000000003,['TCGA-DF-A2KU-01']
36460,interaction_EEF2_ANLN,-2.4529,['TCGA-DF-A2KU-01']
9120,interaction_XPO1_PPP2R1A,-2.452,['TCGA-06-5416-01']
36527,interaction_EEF2_BAP1,-2.4493,['TCGA-06-5416-01']
5467,interaction_CTCF_TRPM7,-2.4489,['TCGA-DF-A2KU-01']
18814,interaction_NCAPD3_POLE,-2.4488000000000003,['TCGA-DF-A2KU-01']
8170,interaction_POLD1_WNK1,-2.4487,['TCGA-DF-A2KU-01']
27893,interaction_CLTC_VHL,-2.4463,['TCGA-XK-AAIW-01']
36533,interaction_EEF2_ERCC4,-2.4461,['TCGA-DF-A2KU-01']
5479,interaction_CTCF_RTTN,-2.4455,['TCGA-DF-A2KU-01']
21084,interaction_IARS2_DNM2,-2.4444,['TCGA-B5-A3FC-01']
40207,interaction_SCAP_PCF11,-2.4436999999999998,['TCGA-DF-A2KU-01']
5510,interaction_CTCF_AARS2,-2.443,['TCGA-B5-A3FC-01']
36411,interaction_EEF2_HECTD1,-2.443,['TCGA-06-5416-01']
36522,interaction_EEF2_DCTN1,-2.4429,['TCGA-DF-A2KU-01']
60598,interaction_WNK1_LRPPRC,-2.4421,['TCGA-DF-A2KU-01']
18667,interaction_NCAPD3_CLTC,-2.4416,['TCGA-DF-A2KU-01']
56130,interaction_POLE_IPO9,-2.4416,['TCGA-DF-A2KU-01']
34509,interaction_ACLY_EEF2,-2.4413,['TCGA-B5-A3FC-01']
59519,interaction_MED1_RAD21,-2.4388,['TCGA-B5-A3FC-01']
40302,interaction_SCAP_MED1,-2.4377,['TCGA-DF-A2KU-01']
13302,interaction_ERCC2_TRRAP,-2.4373,['TCGA-DF-A2KU-01']
8164,interaction_POLD1_CHD4,-2.4372,['TCGA-DF-A2KU-01']
56459,interaction_TRRAP_VHL,-2.4371,['TCGA-XK-AAIW-01']
27915,interaction_CLTC_IPO9,-2.4344,['TCGA-DF-A2KU-01']
33304,interaction_DHX29_EEF2,-2.4344,['TCGA-DF-A2KU-01']
5312,interaction_CTCF_KIF18A,-2.4338,['TCGA-DF-A2KU-01']
40352,interaction_SCAP_WDR7,-2.4334,['TCGA-DF-A2KU-01']
6711,interaction_VPS41_DNM2,-2.4333,['TCGA-DF-A2KU-01']
6004,interaction_KEAP1_EEF2,-2.4329,['TCGA-B5-A3FC-01']
56039,interaction_POLE_SF3B1,-2.4329,['TCGA-06-5416-01']
36393,interaction_EEF2_TSC2,-2.4318,['TCGA-DF-A2KU-01']
43709,interaction_DNM2_BRD4,-2.4314,['TCGA-DF-A2KU-01']
6761,interaction_VPS41_CNOT3,-2.4307,['TCGA-DF-A2KU-01']
60151,interaction_CHD4_LRPPRC,-2.4306,['TCGA-DF-A2KU-01']
56877,interaction_PPP2R1A_RAD21,-2.4292999999999996,['TCGA-06-5416-01']
6791,interaction_VPS41_ATP1A1,-2.4291,['TCGA-DF-A2KU-01']
50146,interaction_BRD4_CNOT3,-2.4288,['TCGA-DF-A2KU-01']
8162,interaction_POLD1_RAD21,-2.4284999999999997,['TCGA-2W-A8YY-01']
59931,interaction_RAD21_CHD4,-2.4279,['TCGA-2W-A8YY-01']
21164,interaction_IARS2_ATP1A1,-2.4272,['TCGA-B5-A3FC-01']
32569,interaction_POLQ_EEF2,-2.4272,['TCGA-DF-A2KU-01']
50176,interaction_BRD4_ATP1A1,-2.4272,['TCGA-DF-A2KU-01']
42052,interaction_CDAN1_HIRA,-2.4271000000000003,['TCGA-DF-A2KU-01']
5266,interaction_CTCF_TPR,-2.4256,['TCGA-DF-A2KU-01']
36478,interaction_EEF2_KNTC1,-2.4248000000000003,['TCGA-DF-A2KU-01']
6721,interaction_VPS41_MTOR,-2.4247,['TCGA-DF-A2KU-01']
5263,interaction_CTCF_ATR,-2.4243,['TCGA-DF-A2KU-01']
5461,interaction_CTCF_UBR4,-2.4239,['TCGA-DF-A2KU-01']
8227,interaction_POLD1_LRPPRC,-2.4238,['TCGA-DF-A2KU-01']
56390,interaction_TRRAP_SF3B1,-2.4234,['TCGA-06-5416-01']
9147,interaction_XPO1_MED1,-2.4232,['TCGA-EO-A3B0-01']
36517,interaction_EEF2_YME1L1,-2.423,['TCGA-B5-A3FC-01']
45623,interaction_MTOR_BRD4,-2.4228,['TCGA-DF-A2KU-01']
9071,interaction_XPO1_BRD4,-2.4223999999999997,['TCGA-EO-A3B0-01']
5460,interaction_CTCF_PTPN23,-2.4217,['TCGA-IB-7651-01']
21134,interaction_IARS2_CNOT3,-2.4201,['TCGA-2W-A8YY-01']
5385,interaction_CTCF_PIK3C3,-2.4194,['TCGA-DF-A2KU-01']
36459,interaction_EEF2_RBM15,-2.4193000000000002,['TCGA-DF-A2KU-01']
56456,interaction_TRRAP_NCAPG2,-2.4192,['TCGA-DF-A2KU-01']
10746,interaction_RBBP6_TRRAP,-2.4164000000000003,['TCGA-DF-A2KU-01']
13502,interaction_ARMC5_EEF2,-2.4156,['TCGA-DF-A2KU-01']
18853,interaction_NCAPD3_RAD21,-2.4145,['TCGA-06-5416-01']
56142,interaction_POLE_HIRA,-2.4109,['TCGA-DF-A2KU-01']
36432,interaction_EEF2_CTC1,-2.4107000000000003,['TCGA-DF-A2KU-01']
8986,interaction_XPO1_KIF18A,-2.4093999999999998,['TCGA-06-5416-01']
1533,interaction_RFWD2_EEF2,-2.4092000000000002,['TCGA-DF-A2KU-01']
42014,interaction_CDAN1_AARS2,-2.4089,['TCGA-B5-A3FC-01']
46992,interaction_PCF11_WNK1,-2.4082,['TCGA-DF-A2KU-01']
36508,interaction_EEF2_RHOA,-2.4049,['TCGA-06-5416-01']
6694,interaction_VPS41_SCAP,-2.4043,['TCGA-DF-A2KU-01']
27927,interaction_CLTC_HIRA,-2.4036999999999997,['TCGA-DF-A2KU-01']
13212,interaction_ERCC2_CDAN1,-2.4032,['TCGA-DF-A2KU-01']
18736,interaction_NCAPD3_DNM2,-2.4028,['TCGA-DF-A2KU-01']
27824,interaction_CLTC_SF3B1,-2.4028,['TCGA-06-5416-01']
56108,interaction_POLE_VHL,-2.4027000000000003,['TCGA-XK-AAIW-01']
40226,interaction_SCAP_BRD4,-2.4024,['TCGA-DF-A2KU-01']
59527,interaction_MED1_WNK1,-2.4022,['TCGA-DF-A2KU-01']
18786,interaction_NCAPD3_CNOT3,-2.4002,['TCGA-DF-A2KU-01']
5354,interaction_CTCF_NUP214,-2.399,['TCGA-DF-A2KU-01']
18816,interaction_NCAPD3_ATP1A1,-2.3986,['TCGA-DF-A2KU-01']
60578,interaction_WNK1_WDR7,-2.3979,['TCGA-DF-A2KU-01']
46986,interaction_PCF11_CHD4,-2.3967,['TCGA-DF-A2KU-01']
43848,interaction_DNM2_IPO9,-2.3956,['TCGA-DF-A2KU-01']
18746,interaction_NCAPD3_MTOR,-2.3942,['TCGA-DF-A2KU-01']
52398,interaction_CNOT3_VHL,-2.394,['TCGA-XK-AAIW-01']
52420,interaction_CNOT3_IPO9,-2.393,['TCGA-DF-A2KU-01']
5270,interaction_CTCF_ZNF217,-2.3924000000000003,['TCGA-DF-A2KU-01']
56365,interaction_ATP1A1_IPO9,-2.3914,['TCGA-DF-A2KU-01']
59521,interaction_MED1_CHD4,-2.3907,['TCGA-DF-A2KU-01']
9134,interaction_XPO1_PTPN23,-2.3905,['TCGA-AJ-A3EL-01']
36557,interaction_EEF2_DAXX,-2.3904,['TCGA-DF-A2KU-01']
8062,interaction_POLD1_PCF11,-2.3899,['TCGA-DF-A2KU-01']
36491,interaction_EEF2_GATA3,-2.3890000000000002,['TCGA-DF-A2KU-01']
36406,interaction_EEF2_ANKRD17,-2.3887,['TCGA-DF-A2KU-01']
36502,interaction_EEF2_SREBF1,-2.388,['TCGA-EO-A22U-01']
13299,interaction_ERCC2_POLE,-2.387,['TCGA-DF-A2KU-01']
45762,interaction_MTOR_IPO9,-2.387,['TCGA-DF-A2KU-01']
32966,interaction_KIF18A_RAD21,-2.3867,['TCGA-06-5416-01']
60131,interaction_CHD4_WDR7,-2.3864,['TCGA-DF-A2KU-01']
21265,interaction_IARS2_LRPPRC,-2.3857,['TCGA-B5-A3FC-01']
42015,interaction_CDAN1_NCAPG2,-2.3851,['TCGA-DF-A2KU-01']
59974,interaction_RAD21_WDR7,-2.3849,['TCGA-2W-A8YY-01']
56412,interaction_TRRAP_TRPM7,-2.3840000000000003,['TCGA-DF-A2KU-01']
8157,interaction_POLD1_MED1,-2.3839,['TCGA-DF-A2KU-01']
36451,interaction_EEF2_CUL3,-2.3839,['TCGA-A5-A2K5-01']
47049,interaction_PCF11_LRPPRC,-2.3833,['TCGA-DF-A2KU-01']
21094,interaction_IARS2_MTOR,-2.3832,['TCGA-B5-A3FC-01']
7913,interaction_POLD1_XPO1,-2.3830999999999998,['TCGA-IB-7651-01']
10656,interaction_RBBP6_CDAN1,-2.3823,['TCGA-DF-A2KU-01']
56424,interaction_TRRAP_RTTN,-2.3806000000000003,['TCGA-DF-A2KU-01']
13152,interaction_ERCC2_CLTC,-2.3798,['TCGA-DF-A2KU-01']
8207,interaction_POLD1_WDR7,-2.3796,['TCGA-DF-A2KU-01']
59584,interaction_MED1_LRPPRC,-2.3773,['TCGA-DF-A2KU-01']
36495,interaction_EEF2_NSD1,-2.3769,['TCGA-DF-A2KU-01']
36415,interaction_EEF2_ZEB2,-2.3762,['TCGA-DF-A2KU-01']
18719,interaction_NCAPD3_SCAP,-2.3738,['TCGA-DF-A2KU-01']
45671,interaction_MTOR_SF3B1,-2.3731999999999998,['TCGA-06-5416-01']
62557,interaction_WDR7_LRPPRC,-2.373,['TCGA-DF-A2KU-01']
5325,interaction_CTCF_CNOT1,-2.3728,['TCGA-DF-A2KU-01']
9222,interaction_XPO1_HIRA,-2.3727,['TCGA-06-5416-01']
59987,interaction_RAD21_IPO9,-2.3715,['TCGA-B5-A3FC-01']
21209,interaction_IARS2_WNK1,-2.3709,['TCGA-B5-A3FC-01']
56405,interaction_TRRAP_PTPN23,-2.3697999999999997,['TCGA-2W-A8YY-01']
32930,interaction_KIF18A_TRRAP,-2.3689,['TCGA-DF-A2KU-01']
56105,interaction_POLE_NCAPG2,-2.3689,['TCGA-DF-A2KU-01']
6836,interaction_VPS41_WNK1,-2.3688000000000002,['TCGA-DF-A2KU-01']
40274,interaction_SCAP_SF3B1,-2.3678,['TCGA-B5-A3FC-01']
50221,interaction_BRD4_WNK1,-2.3669000000000002,['TCGA-DF-A2KU-01']
41964,interaction_CDAN1_PTPN23,-2.3667,['TCGA-B5-A3FC-01']
40365,interaction_SCAP_IPO9,-2.3666,['TCGA-DF-A2KU-01']
10743,interaction_RBBP6_POLE,-2.3661000000000003,['TCGA-DF-A2KU-01']
9210,interaction_XPO1_IPO9,-2.3658,['TCGA-06-5416-01']
5468,interaction_CTCF_DDX27,-2.3656,['TCGA-IB-7651-01']
43860,interaction_DNM2_HIRA,-2.3649,['TCGA-DF-A2KU-01']
56274,interaction_ATP1A1_SF3B1,-2.3636999999999997,['TCGA-EO-A22U-01']
9185,interaction_XPO1_NCAPG2,-2.363,['TCGA-A5-A2K5-01']
52432,interaction_CNOT3_HIRA,-2.3623000000000003,['TCGA-DF-A2KU-01']
27890,interaction_CLTC_NCAPG2,-2.3617,['TCGA-DF-A2KU-01']
20584,interaction_TPR_TRRAP,-2.3607,['TCGA-DF-A2KU-01']
56377,interaction_ATP1A1_HIRA,-2.3607,['TCGA-DF-A2KU-01']
19705,interaction_ATR_TRRAP,-2.3594,['TCGA-DF-A2KU-01']
5476,interaction_CTCF_PFAS,-2.3592,['TCGA-DF-A2KU-01']
56406,interaction_TRRAP_UBR4,-2.359,['TCGA-DF-A2KU-01']
10596,interaction_RBBP6_CLTC,-2.3589,['TCGA-DF-A2KU-01']
50213,interaction_BRD4_RAD21,-2.3584,['TCGA-B5-A3FC-01']
6830,interaction_VPS41_CHD4,-2.3573,['TCGA-DF-A2KU-01']
45774,interaction_MTOR_HIRA,-2.3563,['TCGA-DF-A2KU-01']
9135,interaction_XPO1_UBR4,-2.3562000000000003,['TCGA-06-5416-01']
36505,interaction_EEF2_MED23,-2.3558,['TCGA-B5-A3FC-01']
50215,interaction_BRD4_CHD4,-2.3554,['TCGA-DF-A2KU-01']
48180,interaction_PIK3C3_TRRAP,-2.3545000000000003,['TCGA-DF-A2KU-01']
56040,interaction_POLE_PPP2R1A,-2.3529999999999998,['TCGA-06-5416-01']
5400,interaction_CTCF_MBTPS1,-2.3525,['TCGA-DF-A2KU-01']
18105,interaction_PIK3CA_EEF2,-2.3517,['TCGA-DF-A2KU-01']
6576,interaction_VPS41_POLD1,-2.3505000000000003,['TCGA-DF-A2KU-01']
59999,interaction_RAD21_HIRA,-2.3499999999999996,['TCGA-06-5416-01']
41971,interaction_CDAN1_TRPM7,-2.3499,['TCGA-DF-A2KU-01']
36613,interaction_EEF2_ARID1A,-2.3495,['TCGA-DF-A2KU-01']
56455,interaction_TRRAP_AARS2,-2.349,['TCGA-B5-A3FC-01']
8081,interaction_POLD1_BRD4,-2.3486000000000002,['TCGA-DF-A2KU-01']
36445,interaction_EEF2_NF2,-2.3471,['TCGA-DF-A2KU-01']
5537,interaction_CTCF_NUP98,-2.3469,['TCGA-DF-A2KU-01']
41983,interaction_CDAN1_RTTN,-2.3465,['TCGA-DF-A2KU-01']
2926,interaction_ARHGEF7_EEF2,-2.3461,['TCGA-DF-A2KU-01']
1883,interaction_STK11_EEF2,-2.3459000000000003,['TCGA-DF-A2KU-01']
21196,interaction_IARS2_MED1,-2.3457,['TCGA-B5-A3FC-01']
47020,interaction_PCF11_VHL,-2.3451,['TCGA-XK-AAIW-01']
6893,interaction_VPS41_LRPPRC,-2.3438999999999997,['TCGA-DF-A2KU-01']
5310,interaction_CTCF_SETDB1,-2.3436,['TCGA-DF-A2KU-01']
56391,interaction_TRRAP_PPP2R1A,-2.3434999999999997,['TCGA-06-5416-01']
46979,interaction_PCF11_MED1,-2.3434,['TCGA-DF-A2KU-01']
21101,interaction_IARS2_PCF11,-2.3423,['TCGA-B5-A3FC-01']
50278,interaction_BRD4_LRPPRC,-2.3419999999999996,['TCGA-DF-A2KU-01']
13221,interaction_ERCC2_DNM2,-2.341,['TCGA-DF-A2KU-01']
47029,interaction_PCF11_WDR7,-2.3391,['TCGA-DF-A2KU-01']
13271,interaction_ERCC2_CNOT3,-2.3384,['TCGA-DF-A2KU-01']
18861,interaction_NCAPD3_WNK1,-2.3383000000000003,['TCGA-DF-A2KU-01']
9142,interaction_XPO1_DDX27,-2.3381,['TCGA-EO-A3B0-01']
13301,interaction_ERCC2_ATP1A1,-2.3368,['TCGA-DF-A2KU-01']
34030,interaction_KRAS_EEF2,-2.3368,['TCGA-IB-7651-01']
8908,interaction_XPO1_RBBP6,-2.3364000000000003,['TCGA-06-5416-01']
36510,interaction_EEF2_CREBBP,-2.3364000000000003,['TCGA-DF-A2KU-01']
5225,interaction_CTCF_DICER1,-2.3362,['TCGA-DF-A2KU-01']
9141,interaction_XPO1_TRPM7,-2.3362,['TCGA-A5-A2K5-01']
40377,interaction_SCAP_HIRA,-2.3358999999999996,['TCGA-DF-A2KU-01']
3272,interaction_HSPA8_EEF2,-2.3350999999999997,['TCGA-B5-A3FC-01']
32840,interaction_KIF18A_CDAN1,-2.3348,['TCGA-DF-A2KU-01']
5333,interaction_CTCF_CCAR1,-2.3343,['TCGA-DF-A2KU-01']
42355,interaction_NUP214_TRRAP,-2.3341000000000003,['TCGA-DF-A2KU-01']
59961,interaction_RAD21_AARS2,-2.3339,['TCGA-B5-A3FC-01']
56061,interaction_POLE_TRPM7,-2.3337000000000003,['TCGA-DF-A2KU-01']
46952,interaction_PCF11_PPP2R1A,-2.3337,['TCGA-06-5416-01']
58436,interaction_UBR4_RAD21,-2.3335,['TCGA-06-5416-01']
59564,interaction_MED1_WDR7,-2.3331,['TCGA-DF-A2KU-01']
8928,interaction_XPO1_MCM6,-2.3325,['TCGA-EO-A3B0-01']
13231,interaction_ERCC2_MTOR,-2.3324,['TCGA-DF-A2KU-01']
29280,interaction_MYH9_EEF2,-2.3323,['TCGA-EO-A22U-01']
60591,interaction_WNK1_IPO9,-2.3311,['TCGA-DF-A2KU-01']
36397,interaction_EEF2_FLT3,-2.3304,['TCGA-DF-A2KU-01']
56073,interaction_POLE_RTTN,-2.3303000000000003,['TCGA-DF-A2KU-01']
43826,interaction_DNM2_VHL,-2.3298,['TCGA-XK-AAIW-01']
5446,interaction_CTCF_PPP2R1A,-2.3291,['TCGA-IB-7651-01']
5262,interaction_CTCF_POT1,-2.3285,['TCGA-DF-A2KU-01']
21740,interaction_ZNF217_TRRAP,-2.3275,['TCGA-DF-A2KU-01']
5527,interaction_CTCF_BRCA2,-2.3274,['TCGA-DF-A2KU-01']
18855,interaction_NCAPD3_CHD4,-2.3268,['TCGA-DF-A2KU-01']
20494,interaction_TPR_CDAN1,-2.3266,['TCGA-DF-A2KU-01']
27846,interaction_CLTC_TRPM7,-2.3265000000000002,['TCGA-DF-A2KU-01']
21168,interaction_IARS2_SF3B1,-2.3261000000000003,['TCGA-A5-A2K5-01']
58339,interaction_PTPN23_RAD21,-2.3254,['TCGA-2W-A8YY-01']
19615,interaction_ATR_CDAN1,-2.3253,['TCGA-DF-A2KU-01']
41965,interaction_CDAN1_UBR4,-2.3249,['TCGA-DF-A2KU-01']
27858,interaction_CLTC_RTTN,-2.3231,['TCGA-DF-A2KU-01']
27825,interaction_CLTC_PPP2R1A,-2.3228999999999997,['TCGA-06-5416-01']
43823,interaction_DNM2_NCAPG2,-2.3228999999999997,['TCGA-DF-A2KU-01']
41972,interaction_CDAN1_DDX27,-2.3226,['TCGA-B5-A3FC-01']
36612,interaction_EEF2_ADAR,-2.3215000000000003,['TCGA-DF-A2KU-01']
6728,interaction_VPS41_PCF11,-2.3213999999999997,['TCGA-XK-AAIW-01']
5345,interaction_CTCF_USP7,-2.3209,['TCGA-IB-7651-01']
5517,interaction_CTCF_CAD,-2.3206,['TCGA-DF-A2KU-01']
41889,interaction_CDAN1_PIK3C3,-2.3204000000000002,['TCGA-DF-A2KU-01']
52395,interaction_CNOT3_NCAPG2,-2.3203,['TCGA-DF-A2KU-01']
10665,interaction_RBBP6_DNM2,-2.3201,['TCGA-DF-A2KU-01']
7944,interaction_POLD1_NCAPD3,-2.3200000000000003,['TCGA-DF-A2KU-01']
43757,interaction_DNM2_SF3B1,-2.3196,['TCGA-B5-A3FC-01']
60144,interaction_CHD4_IPO9,-2.3196,['TCGA-DF-A2KU-01']
18753,interaction_NCAPD3_PCF11,-2.3189,['TCGA-06-5416-01']
56340,interaction_ATP1A1_NCAPG2,-2.3186999999999998,['TCGA-DF-A2KU-01']
32927,interaction_KIF18A_POLE,-2.3186,['TCGA-DF-A2KU-01']
10715,interaction_RBBP6_CNOT3,-2.3175,['TCGA-DF-A2KU-01']
5410,interaction_CTCF_POLRMT,-2.3163,['TCGA-B5-A3FC-01']
10745,interaction_RBBP6_ATP1A1,-2.3159,['TCGA-DF-A2KU-01']
42018,interaction_CDAN1_VHL,-2.3159,['TCGA-XK-AAIW-01']
21203,interaction_IARS2_CHD4,-2.3145,['TCGA-A5-A2K5-01']
45737,interaction_MTOR_NCAPG2,-2.3143000000000002,['TCGA-DF-A2KU-01']
10782,interaction_RBBP6_RAD21,-2.3137,['TCGA-06-5416-01']
18918,interaction_NCAPD3_LRPPRC,-2.3133999999999997,['TCGA-DF-A2KU-01']
8220,interaction_POLD1_IPO9,-2.3128,['TCGA-DF-A2KU-01']
9184,interaction_XPO1_AARS2,-2.3125,['TCGA-IB-7651-01']
13204,interaction_ERCC2_SCAP,-2.312,['TCGA-DF-A2KU-01']
10675,interaction_RBBP6_MTOR,-2.3115,['TCGA-DF-A2KU-01']
9055,interaction_XPO1_TELO2,-2.3114999999999997,['TCGA-A5-A2K5-01']
27691,interaction_CLTC_KIF18A,-2.3114,['TCGA-DF-A2KU-01']
36404,interaction_EEF2_DOT1L,-2.311,['TCGA-DF-A2KU-01']
20581,interaction_TPR_POLE,-2.3104,['TCGA-DF-A2KU-01']
6795,interaction_VPS41_SF3B1,-2.31,['TCGA-E2-A56Z-01']
36386,interaction_EEF2_DNAJC13,-2.3096,['TCGA-DF-A2KU-01']
36446,interaction_EEF2_PCM1,-2.3094,['TCGA-DF-A2KU-01']
5308,interaction_CTCF_GCN1L1,-2.3091,['TCGA-DF-A2KU-01']
19702,interaction_ATR_POLE,-2.3091,['TCGA-DF-A2KU-01']
7952,interaction_POLD1_IARS2,-2.309,['TCGA-2W-A8YY-01']
56055,interaction_POLE_UBR4,-2.3087,['TCGA-DF-A2KU-01']
40339,interaction_SCAP_AARS2,-2.3084,['TCGA-B5-A3FC-01']
46903,interaction_PCF11_BRD4,-2.3081,['TCGA-DF-A2KU-01']
36037,interaction_CNOT1_TRRAP,-2.3079,['TCGA-DF-A2KU-01']
56733,interaction_SF3B1_PPP2R1A,-2.3076999999999996,['TCGA-06-5416-01']
36523,interaction_EEF2_TBL1XR1,-2.307,['TCGA-DF-A2KU-01']
62921,interaction_IPO9_LRPPRC,-2.3061999999999996,['TCGA-DF-A2KU-01']
5381,interaction_CTCF_TELO2,-2.3048,['TCGA-B5-A3FC-01']
5347,interaction_CTCF_ZNF407,-2.3044000000000002,['TCGA-DF-A2KU-01']
48177,interaction_PIK3C3_POLE,-2.3042000000000002,['TCGA-DF-A2KU-01']
6823,interaction_VPS41_MED1,-2.3040000000000003,['TCGA-DF-A2KU-01']
52329,interaction_CNOT3_SF3B1,-2.3038,['TCGA-EO-A3B0-01']
9074,interaction_XPO1_MBTPS1,-2.3032,['TCGA-A5-A2K5-01']
20434,interaction_TPR_CLTC,-2.3032,['TCGA-DF-A2KU-01']
45740,interaction_MTOR_VHL,-2.303,['TCGA-XK-AAIW-01']
36590,interaction_EEF2_CDK12,-2.3027,['TCGA-06-5416-01']
50208,interaction_BRD4_MED1,-2.3021000000000003,['TCGA-DF-A2KU-01']
19555,interaction_ATR_CLTC,-2.3019,['TCGA-DF-A2KU-01']
27840,interaction_CLTC_UBR4,-2.3015,['TCGA-DF-A2KU-01']
56413,interaction_TRRAP_DDX27,-2.3005,['TCGA-2W-A8YY-01']
60603,interaction_WNK1_HIRA,-2.3004,['TCGA-DF-A2KU-01']
41858,interaction_CDAN1_NUP214,-2.3,['TCGA-DF-A2KU-01']
6873,interaction_VPS41_WDR7,-2.2997,['TCGA-DF-A2KU-01']
36535,interaction_EEF2_MKL1,-2.2989,['TCGA-DF-A2KU-01']
36616,interaction_EEF2_BCL9L,-2.2986,['TCGA-DF-A2KU-01']
60569,interaction_WNK1_VHL,-2.2983000000000002,['TCGA-XK-AAIW-01']
50258,interaction_BRD4_WDR7,-2.2978,['TCGA-DF-A2KU-01']
27764,interaction_CLTC_PIK3C3,-2.297,['TCGA-DF-A2KU-01']
21245,interaction_IARS2_WDR7,-2.295,['TCGA-A5-A2K5-01']
56421,interaction_TRRAP_PFAS,-2.2943000000000002,['TCGA-DF-A2KU-01']
9059,interaction_XPO1_PIK3C3,-2.2942,['TCGA-EO-A3B0-01']
40340,interaction_SCAP_NCAPG2,-2.2939,['TCGA-DF-A2KU-01']
21650,interaction_ZNF217_CDAN1,-2.2934,['TCGA-DF-A2KU-01']
5272,interaction_CTCF_OGDH,-2.2933000000000003,['TCGA-B5-A3FC-01']
45672,interaction_MTOR_PPP2R1A,-2.2933,['TCGA-06-5416-01']
18820,interaction_NCAPD3_SF3B1,-2.2929,['TCGA-06-5416-01']
8940,interaction_XPO1_TPR,-2.2927999999999997,['TCGA-EO-A3B0-01']
56830,interaction_SF3B1_LRPPRC,-2.2921,['TCGA-06-5416-01']
56054,interaction_POLE_PTPN23,-2.2914,['TCGA-2W-A8YY-01']
10648,interaction_RBBP6_SCAP,-2.2911,['TCGA-DF-A2KU-01']
32866,interaction_KIF18A_PCF11,-2.2911,['TCGA-06-5416-01']
36558,interaction_EEF2_FANCD2,-2.2911,['TCGA-DF-A2KU-01']
60156,interaction_CHD4_HIRA,-2.2889,['TCGA-DF-A2KU-01']
36462,interaction_EEF2_ACACA,-2.2877,['TCGA-DF-A2KU-01']
43779,interaction_DNM2_TRPM7,-2.2877,['TCGA-DF-A2KU-01']
59962,interaction_RAD21_NCAPG2,-2.2877,['TCGA-06-5416-01']
50654,interaction_MBTPS1_TRRAP,-2.2876000000000003,['TCGA-DF-A2KU-01']
21338,interaction_SOX9_EEF2,-2.2851,['TCGA-DF-A2KU-01']
52351,interaction_CNOT3_TRPM7,-2.2851,['TCGA-DF-A2KU-01']
43791,interaction_DNM2_RTTN,-2.2843,['TCGA-DF-A2KU-01']
52344,interaction_CNOT3_PTPN23,-2.284,['TCGA-2W-A8YY-01']
5544,interaction_CTCF_SMC6,-2.2839,['TCGA-DF-A2KU-01']
9153,interaction_XPO1_RTTN,-2.2839,['TCGA-EO-A3B0-01']
42352,interaction_NUP214_POLE,-2.2838000000000003,['TCGA-DF-A2KU-01']
56296,interaction_ATP1A1_TRPM7,-2.2835,['TCGA-DF-A2KU-01']
41914,interaction_CDAN1_POLRMT,-2.2822,['TCGA-B5-A3FC-01']
8232,interaction_POLD1_HIRA,-2.2821,['TCGA-DF-A2KU-01']
56482,interaction_TRRAP_NUP98,-2.282,['TCGA-DF-A2KU-01']
13338,interaction_ERCC2_RAD21,-2.2818,['TCGA-2W-A8YY-01']
52363,interaction_CNOT3_RTTN,-2.2817,['TCGA-DF-A2KU-01']
5365,interaction_CTCF_STIL,-2.2812,['TCGA-DF-A2KU-01']
36563,interaction_EEF2_FBXO11,-2.2808,['TCGA-DF-A2KU-01']
56308,interaction_ATP1A1_RTTN,-2.2801,['TCGA-DF-A2KU-01']
45693,interaction_MTOR_TRPM7,-2.2791,['TCGA-DF-A2KU-01']
36416,interaction_EEF2_CYLD,-2.2788,['TCGA-DF-A2KU-01']
5403,interaction_CTCF_EP300,-2.2787,['TCGA-DF-A2KU-01']
32437,interaction_SETDB1_TRRAP,-2.2787,['TCGA-DF-A2KU-01']
21258,interaction_IARS2_IPO9,-2.2784,['TCGA-B5-A3FC-01']
21737,interaction_ZNF217_POLE,-2.2772,['TCGA-DF-A2KU-01']
27733,interaction_CLTC_NUP214,-2.2766,['TCGA-DF-A2KU-01']
40289,interaction_SCAP_PTPN23,-2.2766,['TCGA-2W-A8YY-01']
13346,interaction_ERCC2_WNK1,-2.2765,['TCGA-DF-A2KU-01']
45705,interaction_MTOR_RTTN,-2.2757,['TCGA-DF-A2KU-01']
63052,interaction_LRPPRC_HIRA,-2.2755,['TCGA-DF-A2KU-01']
21912,interaction_EFR3A_EEF2,-2.2741,['TCGA-EO-A22U-01']
35947,interaction_CNOT1_CDAN1,-2.2738,['TCGA-DF-A2KU-01']
18848,interaction_NCAPD3_MED1,-2.2735000000000003,['TCGA-DF-A2KU-01']
32849,interaction_KIF18A_DNM2,-2.2726,['TCGA-DF-A2KU-01']
47042,interaction_PCF11_IPO9,-2.2723,['TCGA-DF-A2KU-01']
36452,interaction_EEF2_WRN,-2.2722,['TCGA-DF-A2KU-01']
8937,interaction_XPO1_ATR,-2.2717,['TCGA-A5-A2K5-01']
7794,interaction_DICER1_TRRAP,-2.2713,['TCGA-DF-A2KU-01']
56767,interaction_SF3B1_CHD4,-2.2712,['TCGA-06-5416-01']
36556,interaction_EEF2_HLA-A,-2.2711,['TCGA-DF-A2KU-01']
41885,interaction_CDAN1_TELO2,-2.2707,['TCGA-B5-A3FC-01']
8946,interaction_XPO1_OGDH,-2.2702,['TCGA-A5-A2K5-01']
21590,interaction_ZNF217_CLTC,-2.27,['TCGA-DF-A2KU-01']
32899,interaction_KIF18A_CNOT3,-2.27,['TCGA-DF-A2KU-01']
58996,interaction_TRPM7_RAD21,-2.2697000000000003,['TCGA-B5-A3FC-01']
37864,interaction_CCAR1_TRRAP,-2.2694,['TCGA-DF-A2KU-01']
18898,interaction_NCAPD3_WDR7,-2.2692,['TCGA-DF-A2KU-01']
6747,interaction_VPS41_BRD4,-2.2687,['TCGA-DF-A2KU-01']
32929,interaction_KIF18A_ATP1A1,-2.2684,['TCGA-DF-A2KU-01']
56773,interaction_SF3B1_WNK1,-2.2664999999999997,['TCGA-06-5416-01']
59577,interaction_MED1_IPO9,-2.2663,['TCGA-DF-A2KU-01']
21120,interaction_IARS2_BRD4,-2.2653,['TCGA-B5-A3FC-01']
5384,interaction_CTCF_SMARCA4,-2.2651,['TCGA-DF-A2KU-01']
32933,interaction_KIF18A_SF3B1,-2.2651,['TCGA-06-5416-01']
13340,interaction_ERCC2_CHD4,-2.2649999999999997,['TCGA-DF-A2KU-01']
20503,interaction_TPR_DNM2,-2.2644,['TCGA-DF-A2KU-01']
32859,interaction_KIF18A_MTOR,-2.2640000000000002,['TCGA-DF-A2KU-01']
5240,interaction_CTCF_UBR5,-2.2638,['TCGA-DF-A2KU-01']
60122,interaction_CHD4_VHL,-2.2637,['TCGA-XK-AAIW-01']
19410,interaction_POT1_TRRAP,-2.2636000000000003,['TCGA-DF-A2KU-01']
19624,interaction_ATR_DNM2,-2.2631,['TCGA-DF-A2KU-01']
43773,interaction_DNM2_UBR4,-2.2627,['TCGA-DF-A2KU-01']
56472,interaction_TRRAP_BRCA2,-2.2625,['TCGA-DF-A2KU-01']
62550,interaction_WDR7_IPO9,-2.262,['TCGA-DF-A2KU-01']
20553,interaction_TPR_CNOT3,-2.2618,['TCGA-DF-A2KU-01']
9028,interaction_XPO1_NUP214,-2.2611,['TCGA-A5-A2K5-01']
19674,interaction_ATR_CNOT3,-2.2605,['TCGA-DF-A2KU-01']
19884,interaction_PBRM1_EEF2,-2.2602,['TCGA-DF-A2KU-01']
20583,interaction_TPR_ATP1A1,-2.2602,['TCGA-DF-A2KU-01']
41980,interaction_CDAN1_PFAS,-2.2602,['TCGA-DF-A2KU-01']
43822,interaction_DNM2_AARS2,-2.2602,['TCGA-B5-A3FC-01']
52345,interaction_CNOT3_UBR4,-2.2601,['TCGA-DF-A2KU-01']
22223,interaction_OGDH_CDAN1,-2.2592,['TCGA-B5-A3FC-01']
19704,interaction_ATR_ATP1A1,-2.2589,['TCGA-DF-A2KU-01']
40296,interaction_SCAP_TRPM7,-2.2587,['TCGA-DF-A2KU-01']
36541,interaction_EEF2_BRAF,-2.2585,['TCGA-06-5416-01']
56290,interaction_ATP1A1_UBR4,-2.2585,['TCGA-DF-A2KU-01']
60566,interaction_WNK1_NCAPG2,-2.2584,['TCGA-DF-A2KU-01']
7926,interaction_POLD1_ERCC2,-2.2582,['TCGA-DF-A2KU-01']
43697,interaction_DNM2_PIK3C3,-2.2582,['TCGA-DF-A2KU-01']
5329,interaction_CTCF_NIPBL,-2.258,['TCGA-DF-A2KU-01']
36034,interaction_CNOT1_POLE,-2.2576,['TCGA-DF-A2KU-01']
59086,interaction_DDX27_RAD21,-2.2561,['TCGA-2W-A8YY-01']
20513,interaction_TPR_MTOR,-2.2558000000000002,['TCGA-DF-A2KU-01']
5529,interaction_CTCF_POLG,-2.2557,['TCGA-B5-A3FC-01']
56462,interaction_TRRAP_CAD,-2.2557,['TCGA-DF-A2KU-01']
10790,interaction_RBBP6_WNK1,-2.2556000000000003,['TCGA-DF-A2KU-01']
48149,interaction_PIK3C3_CNOT3,-2.2556000000000003,['TCGA-DF-A2KU-01']
40308,interaction_SCAP_RTTN,-2.2553,['TCGA-DF-A2KU-01']
19634,interaction_ATR_MTOR,-2.2545,['TCGA-DF-A2KU-01']
26636,interaction_NBN_EEF2,-2.2545,['TCGA-DF-A2KU-01']
36464,interaction_EEF2_SCAF8,-2.2544,['TCGA-DF-A2KU-01']
47054,interaction_PCF11_HIRA,-2.2544,['TCGA-06-5416-01']
56760,interaction_SF3B1_MED1,-2.2542999999999997,['TCGA-06-5416-01']
45687,interaction_MTOR_UBR4,-2.2541,['TCGA-DF-A2KU-01']
59930,interaction_RAD21_RTTN,-2.2541,['TCGA-B5-A3FC-01']
48179,interaction_PIK3C3_ATP1A1,-2.254,['TCGA-DF-A2KU-01']
6864,interaction_VPS41_VHL,-2.2539,['TCGA-XK-AAIW-01']
41904,interaction_CDAN1_MBTPS1,-2.2535,['TCGA-DF-A2KU-01']
5531,interaction_CTCF_ZMYND8,-2.2519,['TCGA-DF-A2KU-01']
13403,interaction_ERCC2_LRPPRC,-2.2516,['TCGA-DF-A2KU-01']
27704,interaction_CLTC_CNOT1,-2.2504,['TCGA-DF-A2KU-01']
7012,interaction_USP6_EEF2,-2.2501,['TCGA-06-5416-01']
45611,interaction_MTOR_PIK3C3,-2.2496,['TCGA-DF-A2KU-01']
25001,interaction_LRP1B_EEF2,-2.2488,['TCGA-DF-A2KU-01']
18643,interaction_NCAPD3_IARS2,-2.2487000000000004,['TCGA-A5-A2K5-01']
5370,interaction_CTCF_KDM2A,-2.2487,['TCGA-DF-A2KU-01']
36401,interaction_EEF2_FANCA,-2.2486,['TCGA-06-5416-01']
40343,interaction_SCAP_VHL,-2.2484,['TCGA-XK-AAIW-01']
8198,interaction_POLD1_VHL,-2.2479,['TCGA-XK-AAIW-01']
42041,interaction_CDAN1_NUP98,-2.2479,['TCGA-DF-A2KU-01']
60119,interaction_CHD4_NCAPG2,-2.2469,['TCGA-DF-A2KU-01']
41950,interaction_CDAN1_PPP2R1A,-2.2462999999999997,['TCGA-FW-A3R5-06']
36481,interaction_EEF2_TSC1,-2.245,['TCGA-DF-A2KU-01']
9019,interaction_XPO1_USP7,-2.2449000000000003,['TCGA-06-5416-01']
5336,interaction_CTCF_XRN1,-2.2446,['TCGA-DF-A2KU-01']
32347,interaction_SETDB1_CDAN1,-2.2446,['TCGA-DF-A2KU-01']
20620,interaction_TPR_RAD21,-2.2443,['TCGA-06-5416-01']
31940,interaction_GCN1L1_TRRAP,-2.2442,['TCGA-DF-A2KU-01']
5375,interaction_CTCF_BARD1,-2.2441,['TCGA-IB-7651-01']
10784,interaction_RBBP6_CHD4,-2.2441,['TCGA-DF-A2KU-01']
56070,interaction_POLE_PFAS,-2.244,['TCGA-DF-A2KU-01']
32832,interaction_KIF18A_SCAP,-2.2436,['TCGA-DF-A2KU-01']
27173,interaction_MSH2_EEF2,-2.2431,['TCGA-DF-A2KU-01']
56339,interaction_ATP1A1_AARS2,-2.243,['TCGA-B5-A3FC-01']
36395,interaction_EEF2_EIF2AK4,-2.2426,['TCGA-DF-A2KU-01']
9329,interaction_NCKAP1_EEF2,-2.2418,['TCGA-DU-6392-01']
6618,interaction_VPS41_IARS2,-2.2416,['TCGA-A5-A2K5-01']
40394,interaction_USP7_CDAN1,-2.2412,['TCGA-B5-A3FC-01']
8948,interaction_XPO1_USP8,-2.2409999999999997,['TCGA-A5-A2K5-01']
21232,interaction_IARS2_AARS2,-2.2408,['TCGA-B5-A3FC-01']
6610,interaction_VPS41_NCAPD3,-2.2401,['TCGA-DF-A2KU-01']
8195,interaction_POLD1_NCAPG2,-2.2401,['TCGA-DF-A2KU-01']
36440,interaction_EEF2_CARD11,-2.2397,['TCGA-DF-A2KU-01']
40907,interaction_ZNF407_TRRAP,-2.2395,['TCGA-DF-A2KU-01']
18772,interaction_NCAPD3_BRD4,-2.2382,['TCGA-DF-A2KU-01']
46967,interaction_PCF11_UBR4,-2.2379,['TCGA-06-5416-01']
42274,interaction_NUP214_DNM2,-2.2378,['TCGA-DF-A2KU-01']
27839,interaction_CLTC_PTPN23,-2.2374,['TCGA-AJ-A3EL-01']
7918,interaction_POLD1_RBBP6,-2.2373000000000003,['TCGA-DF-A2KU-01']
50651,interaction_MBTPS1_POLE,-2.2373000000000003,['TCGA-DF-A2KU-01']
7704,interaction_DICER1_CDAN1,-2.2372,['TCGA-DF-A2KU-01']
27855,interaction_CLTC_PFAS,-2.2368,['TCGA-DF-A2KU-01']
36580,interaction_EEF2_MON2,-2.2361,['TCGA-DF-A2KU-01']
56104,interaction_POLE_AARS2,-2.2358,['TCGA-2W-A8YY-01']
59589,interaction_MED1_HIRA,-2.2356,['TCGA-DF-A2KU-01']
20486,interaction_TPR_SCAP,-2.2354,['TCGA-DF-A2KU-01']
37774,interaction_CCAR1_CDAN1,-2.2353,['TCGA-DF-A2KU-01']
42324,interaction_NUP214_CNOT3,-2.2352,['TCGA-DF-A2KU-01']
19607,interaction_ATR_SCAP,-2.2340999999999998,['TCGA-DF-A2KU-01']
40290,interaction_SCAP_UBR4,-2.2337,['TCGA-DF-A2KU-01']
42354,interaction_NUP214_ATP1A1,-2.2336,['TCGA-DF-A2KU-01']
62071,interaction_NCAPG2_LRPPRC,-2.2335,['TCGA-DF-A2KU-01']
6886,interaction_VPS41_IPO9,-2.2329,['TCGA-DF-A2KU-01']
56289,interaction_ATP1A1_PTPN23,-2.2321999999999997,['TCGA-EO-A22U-01']
56131,interaction_POLE_NUP98,-2.2317,['TCGA-DF-A2KU-01']
62562,interaction_WDR7_HIRA,-2.2313,['TCGA-DF-A2KU-01']
8916,interaction_XPO1_ERCC2,-2.2312000000000003,['TCGA-EO-A22U-01']
21659,interaction_ZNF217_DNM2,-2.2312000000000003,['TCGA-DF-A2KU-01']
8944,interaction_XPO1_ZNF217,-2.2312,['TCGA-A5-A2K5-01']
50271,interaction_BRD4_IPO9,-2.231,['TCGA-DF-A2KU-01']
21270,interaction_IARS2_HIRA,-2.2308,['TCGA-B5-A3FC-01']
10847,interaction_RBBP6_LRPPRC,-2.2306999999999997,['TCGA-DF-A2KU-01']
5274,interaction_CTCF_USP8,-2.2301,['TCGA-A5-A2K5-01']
27779,interaction_CLTC_MBTPS1,-2.2301,['TCGA-DF-A2KU-01']
19320,interaction_POT1_CDAN1,-2.2295,['TCGA-DF-A2KU-01']
36486,interaction_EEF2_JAK3,-2.2293000000000003,['TCGA-DF-A2KU-01']
40214,interaction_SCAP_PIK3C3,-2.2292,['TCGA-DF-A2KU-01']
42284,interaction_NUP214_MTOR,-2.2292,['TCGA-DF-A2KU-01']
36420,interaction_EEF2_GRIN2A,-2.2289,['TCGA-DF-A2KU-01']
21709,interaction_ZNF217_CNOT3,-2.2286,['TCGA-DF-A2KU-01']
5367,interaction_CTCF_BRCA1,-2.2284,['TCGA-DF-A2KU-01']
32434,interaction_SETDB1_POLE,-2.2284,['TCGA-DF-A2KU-01']
34984,interaction_IGF1R_EEF2,-2.2284,['TCGA-DF-A2KU-01']
42031,interaction_CDAN1_BRCA2,-2.2284,['TCGA-DF-A2KU-01']
52394,interaction_CNOT3_AARS2,-2.2284,['TCGA-2W-A8YY-01']
56835,interaction_SF3B1_HIRA,-2.2283999999999997,['TCGA-06-5416-01']
8999,interaction_XPO1_CNOT1,-2.2282,['TCGA-06-5416-01']
47482,interaction_TELO2_TRRAP,-2.2281,['TCGA-2W-A8YY-01']
56810,interaction_SF3B1_WDR7,-2.2277,['TCGA-A5-A2K5-01']
21739,interaction_ZNF217_ATP1A1,-2.2270000000000003,['TCGA-DF-A2KU-01']
19741,interaction_ATR_RAD21,-2.2268,['TCGA-06-5416-01']
45686,interaction_MTOR_PTPN23,-2.2260999999999997,['TCGA-IB-7651-01']
27916,interaction_CLTC_NUP98,-2.2245,['TCGA-DF-A2KU-01']
36599,interaction_EEF2_ITGAV,-2.2245,['TCGA-06-5416-01']
5255,interaction_CTCF_CASC5,-2.2237999999999998,['TCGA-DF-A2KU-01']
8984,interaction_XPO1_SETDB1,-2.2235,['TCGA-A5-A2K5-01']
59004,interaction_TRPM7_WNK1,-2.2232000000000003,['TCGA-DF-A2KU-01']
21669,interaction_ZNF217_MTOR,-2.2226,['TCGA-DF-A2KU-01']
52179,interaction_POLRMT_TRRAP,-2.2224,['TCGA-2W-A8YY-01']
40520,interaction_USP7_RAD21,-2.2222,['TCGA-06-5416-01']
40297,interaction_SCAP_DDX27,-2.2221,['TCGA-B5-A3FC-01']
56062,interaction_POLE_DDX27,-2.2221,['TCGA-2W-A8YY-01']
42021,interaction_CDAN1_CAD,-2.2216,['TCGA-DF-A2KU-01']
42033,interaction_CDAN1_POLG,-2.2216,['TCGA-B5-A3FC-01']
56823,interaction_SF3B1_IPO9,-2.2215,['TCGA-06-5416-01']
27689,interaction_CLTC_SETDB1,-2.2212,['TCGA-DF-A2KU-01']
7791,interaction_DICER1_POLE,-2.221,['TCGA-DF-A2KU-01']
50180,interaction_BRD4_SF3B1,-2.2209,['TCGA-06-5416-01']
60016,interaction_RTTN_WNK1,-2.2198,['TCGA-DF-A2KU-01']
40484,interaction_USP7_TRRAP,-2.2196,['TCGA-IB-7651-01']
37861,interaction_CCAR1_POLE,-2.2191,['TCGA-DF-A2KU-01']
56489,interaction_TRRAP_SMC6,-2.2190000000000003,['TCGA-DF-A2KU-01']
10682,interaction_RBBP6_PCF11,-2.2180999999999997,['TCGA-06-5416-01']
43772,interaction_DNM2_PTPN23,-2.218,['TCGA-B5-A3FC-01']
13238,interaction_ERCC2_PCF11,-2.2177,['TCGA-DF-A2KU-01']
44532,interaction_STIL_TRRAP,-2.2163,['TCGA-DF-A2KU-01']
36414,interaction_EEF2_BIRC6,-2.2161,['TCGA-DF-A2KU-01']
7581,interaction_DICER1_XPO1,-2.2157,['TCGA-A5-A2K5-01']
21776,interaction_ZNF217_RAD21,-2.2155,['TCGA-B5-A3FC-01']
52352,interaction_CNOT3_DDX27,-2.2147,['TCGA-2W-A8YY-01']
7644,interaction_DICER1_CLTC,-2.2138,['TCGA-DF-A2KU-01']
51122,interaction_EP300_TRRAP,-2.2138,['TCGA-DF-A2KU-01']
19407,interaction_POT1_POLE,-2.2133000000000003,['TCGA-DF-A2KU-01']
18821,interaction_NCAPD3_PPP2R1A,-2.213,['TCGA-06-5416-01']
52330,interaction_CNOT3_PPP2R1A,-2.2127,['TCGA-2W-A8YY-01']
9084,interaction_XPO1_POLRMT,-2.2123999999999997,['TCGA-IB-7651-01']
56121,interaction_POLE_BRCA2,-2.2122,['TCGA-DF-A2KU-01']
56942,interaction_PPP2R1A_LRPPRC,-2.2122,['TCGA-06-5416-01']
27712,interaction_CLTC_CCAR1,-2.2119,['TCGA-DF-A2KU-01']
56748,interaction_SF3B1_UBR4,-2.2119,['TCGA-06-5416-01']
13333,interaction_ERCC2_MED1,-2.2117,['TCGA-DF-A2KU-01']
58998,interaction_TRPM7_CHD4,-2.2117,['TCGA-DF-A2KU-01']
35956,interaction_CNOT1_DNM2,-2.2116,['TCGA-DF-A2KU-01']
48216,interaction_PIK3C3_RAD21,-2.2103,['TCGA-2W-A8YY-01']
31850,interaction_GCN1L1_CDAN1,-2.2101,['TCGA-DF-A2KU-01']
9201,interaction_XPO1_BRCA2,-2.2093,['TCGA-A5-A2K5-01']
36006,interaction_CNOT1_CNOT3,-2.209,['TCGA-DF-A2KU-01']
36484,interaction_EEF2_DYRK1A,-2.2089,['TCGA-06-5416-01']
40183,interaction_SCAP_NUP214,-2.2088,['TCGA-DF-A2KU-01']
60010,interaction_RTTN_CHD4,-2.2083,['TCGA-DF-A2KU-01']
32974,interaction_KIF18A_WNK1,-2.2081,['TCGA-DF-A2KU-01']
36454,interaction_EEF2_BLM,-2.2075,['TCGA-06-5416-01']
13383,interaction_ERCC2_WDR7,-2.2074,['TCGA-DF-A2KU-01']
36036,interaction_CNOT1_ATP1A1,-2.2074,['TCGA-DF-A2KU-01']
52215,interaction_POLRMT_RAD21,-2.2072000000000003,['TCGA-B5-A3FC-01']
40275,interaction_SCAP_PPP2R1A,-2.2072,['TCGA-06-5416-01']
27889,interaction_CLTC_AARS2,-2.2066,['TCGA-IB-7651-01']
36539,interaction_EEF2_FUBP1,-2.2066,['TCGA-06-5416-01']
19260,interaction_POT1_CLTC,-2.2061,['TCGA-DF-A2KU-01']
21183,interaction_IARS2_PTPN23,-2.2058999999999997,['TCGA-2W-A8YY-01']
36073,interaction_CNOT1_RAD21,-2.2055,['TCGA-06-5416-01']
40817,interaction_ZNF407_CDAN1,-2.2054,['TCGA-DF-A2KU-01']
56111,interaction_POLE_CAD,-2.2054,['TCGA-DF-A2KU-01']
27906,interaction_CLTC_BRCA2,-2.205,['TCGA-DF-A2KU-01']
8151,interaction_POLD1_TRPM7,-2.2049000000000003,['TCGA-DF-A2KU-01']
9211,interaction_XPO1_NUP98,-2.2043999999999997,['TCGA-EO-A3B0-01']
9007,interaction_XPO1_CCAR1,-2.2042,['TCGA-EO-A3B0-01']
36547,interaction_EEF2_NCOR2,-2.2042,['TCGA-DF-A2KU-01']
35966,interaction_CNOT1_MTOR,-2.2030000000000003,['TCGA-DF-A2KU-01']
9150,interaction_XPO1_PFAS,-2.2028,['TCGA-A5-A2K5-01']
18911,interaction_NCAPD3_IPO9,-2.2024,['TCGA-DF-A2KU-01']
6898,interaction_VPS41_HIRA,-2.2022,['TCGA-DF-A2KU-01']
21642,interaction_ZNF217_SCAP,-2.2022,['TCGA-DF-A2KU-01']
8163,interaction_POLD1_RTTN,-2.2015000000000002,['TCGA-DF-A2KU-01']
62024,interaction_AARS2_LRPPRC,-2.2015000000000002,['TCGA-B5-A3FC-01']
50283,interaction_BRD4_HIRA,-2.2003,['TCGA-DF-A2KU-01']
48007,interaction_SMARCA4_TRRAP,-2.2002,['TCGA-DF-A2KU-01']
9049,interaction_XPO1_BARD1,-2.2001,['TCGA-EO-A3B0-01']
20628,interaction_TPR_WNK1,-2.1999,['TCGA-DF-A2KU-01']
47017,interaction_PCF11_NCAPG2,-2.1996,['TCGA-DF-A2KU-01']
22313,interaction_OGDH_TRRAP,-2.1993,['TCGA-B5-A3FC-01']
45736,interaction_MTOR_AARS2,-2.199,['TCGA-B5-A3FC-01']
12669,interaction_UBR5_TRRAP,-2.1989,['TCGA-DF-A2KU-01']
19749,interaction_ATR_WNK1,-2.1986,['TCGA-DF-A2KU-01']
59061,interaction_TRPM7_LRPPRC,-2.1982999999999997,['TCGA-DF-A2KU-01']
27896,interaction_CLTC_CAD,-2.1982,['TCGA-DF-A2KU-01']
58444,interaction_UBR4_WNK1,-2.1982,['TCGA-DF-A2KU-01']
9021,interaction_XPO1_ZNF407,-2.1981,['TCGA-06-5416-01']
43788,interaction_DNM2_PFAS,-2.198,['TCGA-DF-A2KU-01']
4987,interaction_KIT_EEF2,-2.1975000000000002,['TCGA-DF-A2KU-01']
32968,interaction_KIF18A_CHD4,-2.1966,['TCGA-DF-A2KU-01']
47518,interaction_TELO2_RAD21,-2.1957,['TCGA-B5-A3FC-01']
5244,interaction_CTCF_NBAS,-2.1954000000000002,['TCGA-DF-A2KU-01']
25276,interaction_NFE2L2_EEF2,-2.1954000000000002,['TCGA-06-5416-01']
36551,interaction_EEF2_HRAS,-2.1954000000000002,['TCGA-EO-A22U-01']
52360,interaction_CNOT3_PFAS,-2.1954000000000002,['TCGA-DF-A2KU-01']
60073,interaction_RTTN_LRPPRC,-2.1948999999999996,['TCGA-DF-A2KU-01']
5391,interaction_CTCF_GAK,-2.1942,['TCGA-DF-A2KU-01']
9039,interaction_XPO1_STIL,-2.194,['TCGA-A5-A2K5-01']
31937,interaction_GCN1L1_POLE,-2.1939,['TCGA-DF-A2KU-01']
36528,interaction_EEF2_HSP90AB1,-2.1939,['TCGA-EO-A22U-01']
56305,interaction_ATP1A1_PFAS,-2.1938,['TCGA-DF-A2KU-01']
48224,interaction_PIK3C3_WNK1,-2.1937,['TCGA-DF-A2KU-01']
59552,interaction_MED1_NCAPG2,-2.1936,['TCGA-DF-A2KU-01']
36959,interaction_NIPBL_TRRAP,-2.1931000000000003,['TCGA-DF-A2KU-01']
62186,interaction_VHL_WDR7,-2.1927000000000003,['TCGA-XK-AAIW-01']
5303,interaction_CTCF_SLC4A7,-2.1924,['TCGA-DF-A2KU-01']
10749,interaction_RBBP6_SF3B1,-2.1921,['TCGA-06-5416-01']
22881,interaction_USP8_TRRAP,-2.1919,['TCGA-2W-A8YY-01']
5254,interaction_CTCF_MCM6,-2.1915,['TCGA-IB-7651-01']
43712,interaction_DNM2_MBTPS1,-2.1913,['TCGA-DF-A2KU-01']
56879,interaction_PPP2R1A_CHD4,-2.1913,['TCGA-06-5416-01']
10777,interaction_RBBP6_MED1,-2.1908000000000003,['TCGA-DF-A2KU-01']
7996,interaction_POLD1_KIF18A,-2.1898,['TCGA-DF-A2KU-01']
45702,interaction_MTOR_PFAS,-2.1894,['TCGA-DF-A2KU-01']
28235,interaction_HNF1A_EEF2,-2.1893000000000002,['TCGA-DF-A2KU-01']
62051,interaction_NCAPG2_WDR7,-2.1893000000000002,['TCGA-DF-A2KU-01']
40904,interaction_ZNF407_POLE,-2.1892,['TCGA-DF-A2KU-01']
22791,interaction_USP8_CDAN1,-2.189,['TCGA-B5-A3FC-01']
50623,interaction_MBTPS1_CNOT3,-2.1887,['TCGA-DF-A2KU-01']
20622,interaction_TPR_CHD4,-2.1884,['TCGA-DF-A2KU-01']
21169,interaction_IARS2_PPP2R1A,-2.1882,['TCGA-06-5416-01']
36559,interaction_EEF2_KDM5A,-2.188,['TCGA-DF-A2KU-01']
36493,interaction_EEF2_ERBB2,-2.1873,['TCGA-06-5416-01']
19743,interaction_ATR_CHD4,-2.1871,['TCGA-DF-A2KU-01']
50653,interaction_MBTPS1_ATP1A1,-2.1871,['TCGA-DF-A2KU-01']
56476,interaction_TRRAP_ZMYND8,-2.1870000000000003,['TCGA-DF-A2KU-01']
41907,interaction_CDAN1_EP300,-2.1868,['TCGA-B5-A3FC-01']
27687,interaction_CLTC_GCN1L1,-2.1867,['TCGA-DF-A2KU-01']
58438,interaction_UBR4_CHD4,-2.1867,['TCGA-DF-A2KU-01']
60565,interaction_WNK1_AARS2,-2.1867,['TCGA-B5-A3FC-01']
56885,interaction_PPP2R1A_WNK1,-2.1866,['TCGA-06-5416-01']
10827,interaction_RBBP6_WDR7,-2.1865,['TCGA-DF-A2KU-01']
36610,interaction_EEF2_ABL1,-2.186,['TCGA-DF-A2KU-01']
17805,interaction_CDK13_EEF2,-2.1858,['TCGA-A5-A2K5-01']
43849,interaction_DNM2_NUP98,-2.1857,['TCGA-DF-A2KU-01']
32934,interaction_KIF18A_PPP2R1A,-2.1852,['TCGA-06-5416-01']
42048,interaction_CDAN1_SMC6,-2.1849,['TCGA-DF-A2KU-01']
9203,interaction_XPO1_POLG,-2.1843,['TCGA-06-5416-01']
22349,interaction_OGDH_RAD21,-2.1842,['TCGA-B5-A3FC-01']
23331,interaction_SATB2_EEF2,-2.1841,['TCGA-DF-A2KU-01']
45481,interaction_KDM2A_TRRAP,-2.1838,['TCGA-DF-A2KU-01']
33031,interaction_KIF18A_LRPPRC,-2.1832,['TCGA-DF-A2KU-01']
52421,interaction_CNOT3_NUP98,-2.1831,['TCGA-DF-A2KU-01']
45626,interaction_MTOR_MBTPS1,-2.1827,['TCGA-DF-A2KU-01']
35939,interaction_CNOT1_SCAP,-2.1826,['TCGA-DF-A2KU-01']
32356,interaction_SETDB1_DNM2,-2.1824,['TCGA-DF-A2KU-01']
36407,interaction_EEF2_EML4,-2.1823,['TCGA-DF-A2KU-01']
41869,interaction_CDAN1_STIL,-2.1822,['TCGA-DF-A2KU-01']
48218,interaction_PIK3C3_CHD4,-2.1822,['TCGA-DF-A2KU-01']
27726,interaction_CLTC_ZNF407,-2.182,['TCGA-DF-A2KU-01']
40239,interaction_SCAP_POLRMT,-2.1817,['TCGA-B5-A3FC-01']
7950,interaction_POLD1_TPR,-2.1816,['TCGA-DF-A2KU-01']
8982,interaction_XPO1_GCN1L1,-2.1816,['TCGA-A5-A2K5-01']
56366,interaction_ATP1A1_NUP98,-2.1815,['TCGA-DF-A2KU-01']
5491,interaction_CTCF_NUMA1,-2.1812,['TCGA-DF-A2KU-01']
7947,interaction_POLD1_ATR,-2.1803,['TCGA-DF-A2KU-01']
8129,interaction_POLD1_SF3B1,-2.1799,['TCGA-B5-A3FC-01']
8145,interaction_POLD1_UBR4,-2.1799,['TCGA-DF-A2KU-01']
32406,interaction_SETDB1_CNOT3,-2.1798,['TCGA-DF-A2KU-01']
36560,interaction_EEF2_AFF3,-2.1798,['TCGA-06-5416-01']
38533,interaction_XRN1_TRRAP,-2.1797,['TCGA-DF-A2KU-01']
59988,interaction_RAD21_NUP98,-2.1795,['TCGA-06-5416-01']
6592,interaction_VPS41_ERCC2,-2.1783,['TCGA-DF-A2KU-01']
32436,interaction_SETDB1_ATP1A1,-2.1782,['TCGA-DF-A2KU-01']
27847,interaction_CLTC_DDX27,-2.1778,['TCGA-IB-7651-01']
35220,interaction_C11orf30_EEF2,-2.1775,['TCGA-DF-A2KU-01']
45763,interaction_MTOR_NUP98,-2.1771000000000003,['TCGA-DF-A2KU-01']
21190,interaction_IARS2_TRPM7,-2.1765999999999996,['TCGA-B5-A3FC-01']
13257,interaction_ERCC2_BRD4,-2.1764,['TCGA-DF-A2KU-01']
8069,interaction_POLD1_PIK3C3,-2.1754000000000002,['TCGA-DF-A2KU-01']
40943,interaction_ZNF407_RAD21,-2.1754,['TCGA-06-5416-01']
5492,interaction_CTCF_SMG7,-2.1752000000000002,['TCGA-IB-7651-01']
7713,interaction_DICER1_DNM2,-2.175,['TCGA-DF-A2KU-01']
20685,interaction_TPR_LRPPRC,-2.175,['TCGA-DF-A2KU-01']
56872,interaction_PPP2R1A_MED1,-2.1744,['TCGA-06-5416-01']
43780,interaction_DNM2_DDX27,-2.1738999999999997,['TCGA-B5-A3FC-01']
32366,interaction_SETDB1_MTOR,-2.1738,['TCGA-DF-A2KU-01']
19806,interaction_ATR_LRPPRC,-2.1736999999999997,['TCGA-DF-A2KU-01']
42399,interaction_NUP214_WNK1,-2.1733000000000002,['TCGA-DF-A2KU-01']
58501,interaction_UBR4_LRPPRC,-2.1733,['TCGA-DF-A2KU-01']
37783,interaction_CCAR1_DNM2,-2.1731,['TCGA-DF-A2KU-01']
8144,interaction_POLD1_PTPN23,-2.1729,['TCGA-2W-A8YY-01']
7763,interaction_DICER1_CNOT3,-2.1724,['TCGA-DF-A2KU-01']
58341,interaction_PTPN23_CHD4,-2.1723,['TCGA-2W-A8YY-01']
58347,interaction_PTPN23_WNK1,-2.1719999999999997,['TCGA-2W-A8YY-01']
18923,interaction_NCAPD3_HIRA,-2.1717,['TCGA-DF-A2KU-01']
59978,interaction_RAD21_BRCA2,-2.1709,['TCGA-06-5416-01']
7793,interaction_DICER1_ATP1A1,-2.1708,['TCGA-DF-A2KU-01']
37833,interaction_CCAR1_CNOT3,-2.1705,['TCGA-DF-A2KU-01']
18687,interaction_NCAPD3_KIF18A,-2.1704,['TCGA-06-5416-01']
40210,interaction_SCAP_TELO2,-2.1702,['TCGA-B5-A3FC-01']
45694,interaction_MTOR_DDX27,-2.17,['TCGA-IB-7651-01']
40305,interaction_SCAP_PFAS,-2.169,['TCGA-DF-A2KU-01']
37863,interaction_CCAR1_ATP1A1,-2.1689,['TCGA-DF-A2KU-01']
48280,interaction_PIK3C3_LRPPRC,-2.1688,['TCGA-DF-A2KU-01']
56138,interaction_POLE_SMC6,-2.1687000000000003,['TCGA-DF-A2KU-01']
2231,interaction_MAP4K4_EEF2,-2.1684,['TCGA-DF-A2KU-01']
46966,interaction_PCF11_PTPN23,-2.1681,['TCGA-IB-7651-01']
19329,interaction_POT1_DNM2,-2.1673,['TCGA-DF-A2KU-01']
50690,interaction_MBTPS1_RAD21,-2.1672000000000002,['TCGA-B5-A3FC-01']
21784,interaction_ZNF217_WNK1,-2.1667,['TCGA-DF-A2KU-01']
5275,interaction_CTCF_PALB2,-2.1666,['TCGA-DF-A2KU-01']
7723,interaction_DICER1_MTOR,-2.1664000000000003,['TCGA-DF-A2KU-01']
43839,interaction_DNM2_BRCA2,-2.1662,['TCGA-DF-A2KU-01']
41888,interaction_CDAN1_SMARCA4,-2.1661,['TCGA-DF-A2KU-01']
56798,interaction_SF3B1_NCAPG2,-2.1661,['TCGA-06-5416-01']
44529,interaction_STIL_POLE,-2.166,['TCGA-DF-A2KU-01']
36448,interaction_EEF2_SALL4,-2.1649000000000003,['TCGA-DF-A2KU-01']
12579,interaction_UBR5_CDAN1,-2.1648,['TCGA-DF-A2KU-01']
43758,interaction_DNM2_PPP2R1A,-2.1647999999999996,['TCGA-06-5416-01']
19379,interaction_POT1_CNOT3,-2.1647,['TCGA-DF-A2KU-01']
37793,interaction_CCAR1_MTOR,-2.1645000000000003,['TCGA-DF-A2KU-01']
62926,interaction_IPO9_HIRA,-2.1645,['TCGA-DF-A2KU-01']
46973,interaction_PCF11_TRPM7,-2.1644,['TCGA-DF-A2KU-01']
14129,interaction_AHR_EEF2,-2.1641,['TCGA-DF-A2KU-01']
52411,interaction_CNOT3_BRCA2,-2.1636,['TCGA-DF-A2KU-01']
44915,interaction_BRCA1_TRRAP,-2.1635,['TCGA-DF-A2KU-01']
51119,interaction_EP300_POLE,-2.1635,['TCGA-DF-A2KU-01']
19409,interaction_POT1_ATP1A1,-2.1631,['TCGA-DF-A2KU-01']
25550,interaction_KAT6A_EEF2,-2.1627,['TCGA-DF-A2KU-01']
5508,interaction_CTCF_PDE4DIP,-2.1626000000000003,['TCGA-DF-A2KU-01']
32473,interaction_SETDB1_RAD21,-2.1626000000000003,['TCGA-B5-A3FC-01']
13128,interaction_ERCC2_IARS2,-2.1623,['TCGA-2W-A8YY-01']
40229,interaction_SCAP_MBTPS1,-2.1623,['TCGA-DF-A2KU-01']
56356,interaction_ATP1A1_BRCA2,-2.162,['TCGA-DF-A2KU-01']
42393,interaction_NUP214_CHD4,-2.1618,['TCGA-DF-A2KU-01']
47016,interaction_PCF11_AARS2,-2.1618,['TCGA-06-5416-01']
36588,interaction_EEF2_PDGFRA,-2.1617,['TCGA-06-5416-01']
56474,interaction_TRRAP_POLG,-2.1616999999999997,['TCGA-B5-A3FC-01']
9191,interaction_XPO1_CAD,-2.1616,['TCGA-A5-A2K5-01']
59980,interaction_RAD21_POLG,-2.1616,['TCGA-06-5416-01']
27923,interaction_CLTC_SMC6,-2.1615,['TCGA-DF-A2KU-01']
59551,interaction_MED1_AARS2,-2.1615,['TCGA-B5-A3FC-01']
21202,interaction_IARS2_RTTN,-2.161,['TCGA-B5-A3FC-01']
46985,interaction_PCF11_RTTN,-2.161,['TCGA-DF-A2KU-01']
36530,interaction_EEF2_NCOA1,-2.1609000000000003,['TCGA-DF-A2KU-01']
6861,interaction_VPS41_NCAPG2,-2.1601999999999997,['TCGA-DF-A2KU-01']
477,interaction_PMS2_EEF2,-2.1601,['TCGA-DF-A2KU-01']
5299,interaction_CTCF_RICTOR,-2.1601,['TCGA-DF-A2KU-01']
31575,interaction_EXT1_EEF2,-2.1601,['TCGA-DF-A2KU-01']
46406,interaction_BARD1_TRRAP,-2.1597,['TCGA-2W-A8YY-01']
43829,interaction_DNM2_CAD,-2.1594,['TCGA-DF-A2KU-01']
8914,interaction_XPO1_UBR5,-2.1593999999999998,['TCGA-EO-A3B0-01']
58404,interaction_PTPN23_LRPPRC,-2.1593,['TCGA-B5-A3FC-01']
36869,interaction_NIPBL_CDAN1,-2.159,['TCGA-DF-A2KU-01']
17317,interaction_CASC5_TRRAP,-2.1589,['TCGA-DF-A2KU-01']
27744,interaction_CLTC_STIL,-2.1588,['TCGA-DF-A2KU-01']
19339,interaction_POT1_MTOR,-2.1587,['TCGA-DF-A2KU-01']
22215,interaction_OGDH_SCAP,-2.1587,['TCGA-B5-A3FC-01']
